00401000	142	FUN_00401000
00401090	123	FUN_00401090
00401110	187	FUN_00401110
004011d0	118	FUN_004011d0
00401250	50	FUN_00401250
00401290	111	FUN_00401290
00401300	207	FUN_00401300
004013d0	258	FUN_004013d0
004014e0	1153	FUN_004014e0
00401970	57	FUN_00401970
004019b0	119	FUN_004019b0
00401a30	66	FUN_00401a30
00401a80	87	FUN_00401a80
00401ae0	22	FUN_00401ae0
00401b00	233	FUN_00401b00
00401bf0	150	FUN_00401bf0
00401c90	151	FUN_00401c90
00401d30	97	FUN_00401d30
00401da0	230	FUN_00401da0
00401e90	145	FUN_00401e90
00401f30	208	FUN_00401f30
00402000	18	FUN_00402000
00402020	215	FUN_00402020
00402100	44	FUN_00402100
00402130	1142	FUN_00402130
004025b0	21	FUN_004025b0
004025d0	574	FUN_004025d0
00402810	132	FUN_00402810
004028a0	448	FUN_004028a0
00402a60	112	FUN_00402a60
00402ad0	138	FUN_00402ad0
00402b60	516	FUN_00402b60
00402d70	327	FUN_00402d70
00402ec0	680	FUN_00402ec0
004031d0	145	FUN_004031d0
00403270	614	FUN_00403270
004034e0	11	FUN_004034e0
004034f0	1359	FUN_004034f0
00403a40	10071	FUN_00403a40
004061a0	37	FUN_004061a0
004061d0	765	FUN_004061d0
004064d0	1360	FUN_004064d0
00406a20	372	FUN_00406a20
00406ba0	8445	FUN_00406ba0
00408cb0	2032	FUN_00408cb0
004094b0	10035	FUN_004094b0
0040bbf0	404	FUN_0040bbf0
0040bd90	216	FUN_0040bd90
0040be70	178	FUN_0040be70
0040bf30	123	FUN_0040bf30
0040bfb0	123	FUN_0040bfb0
0040c030	168	FUN_0040c030
0040c0e0	122	FUN_0040c0e0
0040c160	1945	FUN_0040c160
0040c910	1926	FUN_0040c910
0040d0a0	2177	FUN_0040d0a0
0040d940	28	FUN_0040d940
0040d960	1219	FUN_0040d960
0040de30	819	FUN_0040de30
0040e170	347	FUN_0040e170
0040e2d0	376	FUN_0040e2d0
0040e450	61	FUN_0040e450
0040e490	2779	FUN_0040e490
0040ef70	13138	FUN_0040ef70
004122f0	1294	FUN_004122f0
00412800	229	FUN_00412800
004128f0	229	FUN_004128f0
004129e0	222	FUN_004129e0
00412ac0	222	FUN_00412ac0
00412ba0	229	FUN_00412ba0
00412c90	229	FUN_00412c90
00412d80	222	FUN_00412d80
00412e60	222	FUN_00412e60
00412f40	314	FUN_00412f40
00413080	4942	FUN_00413080
004143d0	99	FUN_004143d0
00414450	606	FUN_00414450
004146b0	471	FUN_004146b0
004148a0	390	FUN_004148a0
00414a30	320	FUN_00414a30
00414b70	1485	FUN_00414b70
00415140	29	FUN_00415140
00415160	99	FUN_00415160
004151d0	6785	FUN_004151d0
00416c70	37	FUN_00416c70
00416ca0	37	FUN_00416ca0
00416cd0	243	FUN_00416cd0
00416dd0	31	FUN_00416dd0
00416df0	30	FUN_00416df0
00416e10	28	FUN_00416e10
00416e30	34	FUN_00416e30
00416e60	74	FUN_00416e60
00416eb0	83	FUN_00416eb0
00416f10	76	FUN_00416f10
00416f60	78	FUN_00416f60
00416fb0	211	FUN_00416fb0
00417090	211	FUN_00417090
00417170	77	FUN_00417170
004171c0	61	FUN_004171c0
00417200	509	FUN_00417200
00417400	2942	FUN_00417400
00417f80	2083	FUN_00417f80
004187b0	1145	FUN_004187b0
00418c30	1860	FUN_00418c30
00419380	863	FUN_00419380
004196f0	169	FUN_004196f0
004197a0	324	FUN_004197a0
004198f0	355	FUN_004198f0
00419a60	977	FUN_00419a60
00419e40	32	FUN_00419e40
00419e60	476	FUN_00419e60
0041a050	502	FUN_0041a050
0041a250	828	FUN_0041a250
0041a5a0	2173	FUN_0041a5a0
0041ae60	720	FUN_0041ae60
0041b130	598	FUN_0041b130
0041b390	575	FUN_0041b390
0041b5d0	1722	FUN_0041b5d0
0041bc90	28150	FUN_0041bc90
00422ac0	56	FUN_00422ac0
00422b00	1114	FUN_00422b00
00422f60	707	FUN_00422f60
00423230	582	FUN_00423230
00423480	576	FUN_00423480
004236d0	248	FUN_004236d0
004237e0	95	FUN_004237e0
00423840	202	FUN_00423840
00423910	41	FUN_00423910
00423940	298	FUN_00423940
00423a70	139	FUN_00423a70
00423b00	2004	FUN_00423b00
004242e0	971	FUN_004242e0
004246b0	20570	FUN_004246b0
00429730	18823	FUN_00429730
0042e100	14951	FUN_0042e100
00431b70	245	FUN_00431b70
00431c70	152	FUN_00431c70
00431d10	3479	FUN_00431d10
00432ab0	8140	FUN_00432ab0
00434ab0	9468	FUN_00434ab0
00436fc0	589	FUN_00436fc0
00437220	480	FUN_00437220
00437400	1112	FUN_00437400
00437860	4410	FUN_00437860
004389a0	294	FUN_004389a0
00438ad0	108	FUN_00438ad0
00438b40	7397	FUN_00438b40
0043a860	2918	FUN_0043a860
0043bdd0	234	FUN_0043bdd0
0043bec0	67	FUN_0043bec0
0043bf10	427	FUN_0043bf10
0043c0c0	369	FUN_0043c0c0
0043c450	70	FUN_0043c450
0043c4a0	486	FUN_0043c4a0
0043c690	121	FUN_0043c690
0043c710	111	FUN_0043c710
0043c780	1236	FUN_0043c780
0043cc60	731	FUN_0043cc60
0043cf40	738	FUN_0043cf40
0043d230	71	FUN_0043d230
0043d280	29	FUN_0043d280
0043d2a0	24	FUN_0043d2a0
0043d2c0	2155	FUN_0043d2c0
0043db40	264	FUN_0043db40
0043dc50	263	FUN_0043dc50
0043dd60	405	FUN_0043dd60
0043df00	123	FUN_0043df00
0043dfa0	1638	FUN_0043dfa0
0043e620	558	FUN_0043e620
0043e860	44	FUN_0043e860
0043e890	69	FUN_0043e890
0043e8e0	85	FUN_0043e8e0
0043e940	95	FUN_0043e940
0043e9a0	866	FUN_0043e9a0
0043ed10	320	FUN_0043ed10
0043ee50	244	FUN_0043ee50
0043ef50	25	FUN_0043ef50
0043ef70	145	FUN_0043ef70
0043f010	753	FUN_0043f010
0043f310	109	FUN_0043f310
0043f37e	6	DirectDrawCreate
0043f384	6	Ordinal_1
0043f38a	6	Ordinal_11
0043f390	6	Ordinal_9
0043f396	6	Ordinal_101
0043f39c	6	Ordinal_23
0043f3a2	6	Ordinal_52
0043f3a8	6	Ordinal_57
0043f3ae	6	Ordinal_115
0043f3b4	6	Ordinal_3
0043f3ba	6	Ordinal_20
0043f3c0	6	Ordinal_116
0043f3c6	6	Ordinal_16
0043f3cc	6	Ordinal_19
0043f3d2	6	Ordinal_1
0043f3d8	6	Ordinal_12
0043f3de	6	Ordinal_4
0043f3e4	6	Ordinal_51
0043f3ea	6	Ordinal_10
0043f3f0	6	Ordinal_13
0043f3f6	6	Ordinal_2
0043f400	161	FUN_0043f400
0043f4b0	30	FUN_0043f4b0
0043f4d0	148	FUN_0043f4d0
0043f570	39	FUN_0043f570
0043f5a0	100	FUN_0043f5a0
0043f610	646	FUN_0043f610
0043f8a0	175	FUN_0043f8a0
0043f9c0	140	FUN_0043f9c0
004403a0	118	FUN_004403a0
00440420	535	FUN_00440420
00440640	36	FUN_00440640
00440670	70	FUN_00440670
004406c0	76	FUN_004406c0
00440710	250	FUN_00440710
00440810	25	FUN_00440810
00440830	964	FUN_00440830
00440d60	100	FUN_00440d60
00441de0	127	FUN_00441de0
00441e60	109	FUN_00441e60
00441ed0	130	FUN_00441ed0
00441f60	100	FUN_00441f60
004422a0	160	FUN_004422a0
00442340	497	FUN_00442340
00442730	19	FUN_00442730
00442920	120	FUN_00442920
004429a0	155	FUN_004429a0
00442a40	2834	FUN_00442a40
004435a0	57	FUN_004435a0
00443cf0	57	FUN_00443cf0
00443d30	1761	FUN_00443d30
00444450	20	FUN_00444450
00444470	1243	FUN_00444470
00444960	163	FUN_00444960
00444a10	387	FUN_00444a10
00444ba0	46	FUN_00444ba0
00444bd0	294	FUN_00444bd0
00444d00	917	FUN_00444d00
004450a0	6	memset
004450a6	6	operator_delete
004450ac	6	operator_new
004450b2	15	__security_check_cookie
004450c2	6	memcpy
004450c8	6	operator_new[]
004450d0	145	FUN_004450d0
00445182	6	free
00445190	43	__alloca_probe
004451bc	6	calloc
004451f0	22	__alloca_probe_16
00445206	22	__alloca_probe_8
0044529f	425	___tmainCRTStartup
00445560	10	entry
0044556a	260	___report_gsfailure
0044566e	45	FUN_0044566e
004456be	96	__get_sse2_info
0044572c	6	except_handler4_common
00445732	61	FUN_00445732
0044577e	6	_amsg_exit
00445784	156	FUN_00445784
00445820	9	FUN_00445820
00445829	18	FUN_00445829
0044583b	36	FUN_0044583b
00445890	41	__ValidateImageBase
004458c0	66	__FindPESection
00445910	164	__IsNonwritableInCurrentImage
004459cc	6	initterm
004459d2	6	initterm_e
004459d8	69	__SEH_prolog4
00445a1d	20	__SEH_epilog4
00445a31	38	FUN_00445a31
00445a5a	3	FUN_00445a5a
00445a5d	148	___security_init_cookie
00445af2	6	_crt_debugger_hook
00445af8	6	terminate
00445afe	6	_unlock
00445b04	6	__dllonexit
00445b0a	6	_lock
00445b10	6	_invoke_watson
00445b16	6	_controlfp_s
00445b85	100	_AtlGetThreadACPThunk
00445c50	11	Unwind@00445c50
00445c80	14	Unwind@00445c80
00445cc0	14	Unwind@00445cc0
00445cce	14	Unwind@00445cce
00445cdc	14	Unwind@00445cdc
00445cea	14	Unwind@00445cea
00445cf8	14	Unwind@00445cf8
00445d06	14	Unwind@00445d06
00445d14	14	Unwind@00445d14
00445d22	14	Unwind@00445d22
00445d60	14	Unwind@00445d60
00445d6e	14	Unwind@00445d6e
00445d7c	14	Unwind@00445d7c
00445d8a	14	Unwind@00445d8a
00445d98	14	Unwind@00445d98
00445de0	14	Unwind@00445de0
00445e20	14	Unwind@00445e20
00445e2e	14	Unwind@00445e2e
00445e3c	14	Unwind@00445e3c
00445e4a	14	Unwind@00445e4a
00445e58	14	Unwind@00445e58
00445e66	14	Unwind@00445e66
00445e74	14	Unwind@00445e74
00445e82	14	Unwind@00445e82
00445e90	14	Unwind@00445e90
00445e9e	14	Unwind@00445e9e
00445eac	14	Unwind@00445eac
00445ef0	11	Unwind@00445ef0
00445f30	14	Unwind@00445f30
00445f3e	14	Unwind@00445f3e
00445f4c	14	Unwind@00445f4c
00445f5a	14	Unwind@00445f5a
00445f68	14	Unwind@00445f68
00445f76	14	Unwind@00445f76
00445f84	14	Unwind@00445f84
00445f92	14	Unwind@00445f92
00445fa0	14	Unwind@00445fa0
00445fae	14	Unwind@00445fae
00445fbc	14	Unwind@00445fbc
00445fca	14	Unwind@00445fca
00445fd8	14	Unwind@00445fd8
00445fe6	14	Unwind@00445fe6
00445ff4	14	Unwind@00445ff4
00446002	14	Unwind@00446002
00446010	14	Unwind@00446010
0044601e	14	Unwind@0044601e
0044602c	14	Unwind@0044602c
0044603a	14	Unwind@0044603a
00446048	14	Unwind@00446048
00446056	14	Unwind@00446056
00446064	14	Unwind@00446064
00446072	14	Unwind@00446072
004460b0	14	Unwind@004460b0
004460be	14	Unwind@004460be
004460cc	14	Unwind@004460cc
004460da	14	Unwind@004460da
004460e8	14	Unwind@004460e8
004460f6	14	Unwind@004460f6
00446104	14	Unwind@00446104
00446112	14	Unwind@00446112
00446120	14	Unwind@00446120
0044612e	14	Unwind@0044612e
0044613c	14	Unwind@0044613c
00446180	14	Unwind@00446180
0044618e	14	Unwind@0044618e
004461d0	11	Unwind@004461d0
00446200	12	Unwind@00446200
00446240	12	Unwind@00446240
00446270	14	Unwind@00446270
0044627e	14	Unwind@0044627e
0044628c	14	Unwind@0044628c
0044629a	14	Unwind@0044629a
